domain,trial_type,method,estimate,ci_lower,ci_upper,proportion_discriminable,variance,DV_type
Body image,tt1,normal,0.15986394557823136,0.10133575419418125,0.21853741496598655,0.15986394557823136,8.939132970422042e-4,*D* scores
Body image,tt1,basic,0.15986394557823136,0.10133575419418125,0.21853741496598655,0.15986394557823136,8.939132970422042e-4,*D* scores
Body image,tt1,percent,0.15986394557823136,0.10133575419418125,0.21853741496598655,0.15986394557823136,8.939132970422042e-4,*D* scores
Body image,tt1,bca,0.15986394557823136,0.10133575419418125,0.21853741496598655,0.15986394557823136,8.939132970422042e-4,*D* scores
Body image,tt2,normal,0.0861678004535148,0.04067460317460325,0.1269841269841272,0.0861678004535148,4.8478068384441255e-4,*D* scores
Body image,tt2,basic,0.0861678004535148,0.04067460317460325,0.1269841269841272,0.0861678004535148,4.8478068384441255e-4,*D* scores
Body image,tt2,percent,0.0861678004535148,0.04067460317460325,0.1269841269841272,0.0861678004535148,4.8478068384441255e-4,*D* scores
Body image,tt2,bca,0.0861678004535148,0.04067460317460325,0.1269841269841272,0.0861678004535148,4.8478068384441255e-4,*D* scores
Body image,tt3,normal,0.09523809523809523,0.04577664399092962,0.1414399092970522,0.09523809523809523,5.955500526492604e-4,*D* scores
Body image,tt3,basic,0.09523809523809523,0.04577664399092962,0.1414399092970522,0.09523809523809523,5.955500526492604e-4,*D* scores
Body image,tt3,percent,0.09523809523809523,0.04577664399092962,0.1414399092970522,0.09523809523809523,5.955500526492604e-4,*D* scores
Body image,tt3,bca,0.09523809523809523,0.04577664399092962,0.1414399092970522,0.09523809523809523,5.955500526492604e-4,*D* scores
Body image,tt4,normal,0.1848072562358276,0.12260136689093348,0.24546485260770967,0.1848072562358276,9.823664698612863e-4,*D* scores
Body image,tt4,basic,0.1848072562358276,0.12260136689093348,0.24546485260770967,0.1848072562358276,9.823664698612863e-4,*D* scores
Body image,tt4,percent,0.1848072562358276,0.12260136689093348,0.24546485260770967,0.1848072562358276,9.823664698612863e-4,*D* scores
Body image,tt4,bca,0.1848072562358276,0.12260136689093348,0.24546485260770967,0.1848072562358276,9.823664698612863e-4,*D* scores
Clinton-Trump,tt1,normal,0.09227866935912432,0.07116375210925449,0.11243805526642908,0.09227866935912432,1.1086318858746045e-4,*D* scores
Clinton-Trump,tt1,basic,0.09227866935912432,0.07116375210925449,0.11243805526642908,0.09227866935912432,1.1086318858746045e-4,*D* scores
Clinton-Trump,tt1,percent,0.09227866935912432,0.07116375210925449,0.11243805526642908,0.09227866935912432,1.1086318858746045e-4,*D* scores
Clinton-Trump,tt1,bca,0.09227866935912432,0.07116375210925449,0.11243805526642908,0.09227866935912432,1.1086318858746045e-4,*D* scores
Clinton-Trump,tt2,normal,0.10407588479115748,0.07711383437130764,0.1299752896163252,0.10407588479115748,1.81846981116006e-4,*D* scores
Clinton-Trump,tt2,basic,0.10407588479115748,0.07711383437130764,0.1299752896163252,0.10407588479115748,1.81846981116006e-4,*D* scores
Clinton-Trump,tt2,percent,0.10407588479115748,0.07711383437130764,0.1299752896163252,0.10407588479115748,1.81846981116006e-4,*D* scores
Clinton-Trump,tt2,bca,0.10407588479115748,0.07711383437130764,0.1299752896163252,0.10407588479115748,1.81846981116006e-4,*D* scores
Clinton-Trump,tt3,normal,0.1320278456796683,0.10592302080974608,0.1578663010737124,0.1320278456796683,1.7558467595409167e-4,*D* scores
Clinton-Trump,tt3,basic,0.1320278456796683,0.10592302080974608,0.1578663010737124,0.1320278456796683,1.7558467595409167e-4,*D* scores
Clinton-Trump,tt3,percent,0.1320278456796683,0.10592302080974608,0.1578663010737124,0.1320278456796683,1.7558467595409167e-4,*D* scores
Clinton-Trump,tt3,bca,0.1320278456796683,0.10592302080974608,0.1578663010737124,0.1320278456796683,1.7558467595409167e-4,*D* scores
Clinton-Trump,tt4,normal,0.11648421723881408,0.09216026923131468,0.1405502710171117,0.11648421723881408,1.5238392029554351e-4,*D* scores
Clinton-Trump,tt4,basic,0.11648421723881408,0.09216026923131468,0.1405502710171117,0.11648421723881408,1.5238392029554351e-4,*D* scores
Clinton-Trump,tt4,percent,0.11648421723881408,0.09216026923131468,0.1405502710171117,0.11648421723881408,1.5238392029554351e-4,*D* scores
Clinton-Trump,tt4,bca,0.11648421723881408,0.09216026923131468,0.1405502710171117,0.11648421723881408,1.5238392029554351e-4,*D* scores
Countries (1),tt1,normal,0.0958526165895337,0.06332547895996285,0.12646737799954885,0.0958526165895337,2.594556574295392e-4,*D* scores
Countries (1),tt1,basic,0.0958526165895337,0.06332547895996285,0.12646737799954885,0.0958526165895337,2.594556574295392e-4,*D* scores
Countries (1),tt1,percent,0.0958526165895337,0.06332547895996285,0.12646737799954885,0.0958526165895337,2.594556574295392e-4,*D* scores
Countries (1),tt1,bca,0.0958526165895337,0.06332547895996285,0.12646737799954885,0.0958526165895337,2.594556574295392e-4,*D* scores
Countries (1),tt2,normal,0.1038625845496618,0.07371730352360395,0.13309840954089214,0.1038625845496618,2.2946921542042506e-4,*D* scores
Countries (1),tt2,basic,0.1038625845496618,0.07371730352360395,0.13309840954089214,0.1038625845496618,2.2946921542042506e-4,*D* scores
Countries (1),tt2,percent,0.1038625845496618,0.07371730352360395,0.13309840954089214,0.1038625845496618,2.2946921542042506e-4,*D* scores
Countries (1),tt2,bca,0.1038625845496618,0.07371730352360395,0.13309840954089214,0.1038625845496618,2.2946921542042506e-4,*D* scores
Countries (1),tt3,normal,0.16278034887860449,0.1258933448194388,0.19831289868293575,0.16278034887860449,3.41302568056795e-4,*D* scores
Countries (1),tt3,basic,0.16278034887860449,0.1258933448194388,0.19831289868293575,0.16278034887860449,3.41302568056795e-4,*D* scores
Countries (1),tt3,percent,0.16278034887860449,0.1258933448194388,0.19831289868293575,0.16278034887860449,3.41302568056795e-4,*D* scores
Countries (1),tt3,bca,0.16278034887860449,0.1258933448194388,0.19831289868293575,0.16278034887860449,3.41302568056795e-4,*D* scores
Countries (1),tt4,normal,0.07226771092915629,0.044900320398718274,0.09832068252086086,0.07226771092915629,1.8571266459683765e-4,*D* scores
Countries (1),tt4,basic,0.07226771092915629,0.044900320398718274,0.09832068252086086,0.07226771092915629,1.8571266459683765e-4,*D* scores
Countries (1),tt4,percent,0.07226771092915629,0.044900320398718274,0.09832068252086086,0.07226771092915629,1.8571266459683765e-4,*D* scores
Countries (1),tt4,bca,0.07226771092915629,0.044900320398718274,0.09832068252086086,0.07226771092915629,1.8571266459683765e-4,*D* scores
Countries (2),tt1,normal,0.0904999999999998,0.05870125407970676,0.12119999999999942,0.0904999999999998,2.5419702998811025e-4,*D* scores
Countries (2),tt1,basic,0.0904999999999998,0.05870125407970676,0.12119999999999942,0.0904999999999998,2.5419702998811025e-4,*D* scores
Countries (2),tt1,percent,0.0904999999999998,0.05870125407970676,0.12119999999999942,0.0904999999999998,2.5419702998811025e-4,*D* scores
Countries (2),tt1,bca,0.0904999999999998,0.05870125407970676,0.12119999999999942,0.0904999999999998,2.5419702998811025e-4,*D* scores
Countries (2),tt2,normal,0.14900000000000002,0.1107518811195608,0.18714811888043936,0.14900000000000002,3.798147350073334e-4,*D* scores
Countries (2),tt2,basic,0.14900000000000002,0.1107518811195608,0.18714811888043936,0.14900000000000002,3.798147350073334e-4,*D* scores
Countries (2),tt2,percent,0.14900000000000002,0.1107518811195608,0.18714811888043936,0.14900000000000002,3.798147350073334e-4,*D* scores
Countries (2),tt2,bca,0.14900000000000002,0.1107518811195608,0.18714811888043936,0.14900000000000002,3.798147350073334e-4,*D* scores
Countries (2),tt3,normal,0.13839999999999975,0.10040438927897422,0.17626747552175692,0.13839999999999975,3.7453195636452826e-4,*D* scores
Countries (2),tt3,basic,0.13839999999999975,0.10040438927897422,0.17626747552175692,0.13839999999999975,3.7453195636452826e-4,*D* scores
Countries (2),tt3,percent,0.13839999999999975,0.10040438927897422,0.17626747552175692,0.13839999999999975,3.7453195636452826e-4,*D* scores
Countries (2),tt3,bca,0.13839999999999975,0.10040438927897422,0.17626747552175692,0.13839999999999975,3.7453195636452826e-4,*D* scores
Countries (2),tt4,normal,0.09730000000000028,0.06567876223912186,0.12767249184058632,0.09730000000000028,2.5010558815984817e-4,*D* scores
Countries (2),tt4,basic,0.09730000000000028,0.06567876223912186,0.12767249184058632,0.09730000000000028,2.5010558815984817e-4,*D* scores
Countries (2),tt4,percent,0.09730000000000028,0.06567876223912186,0.12767249184058632,0.09730000000000028,2.5010558815984817e-4,*D* scores
Countries (2),tt4,bca,0.09730000000000028,0.06567876223912186,0.12767249184058632,0.09730000000000028,2.5010558815984817e-4,*D* scores
Death (1),tt1,normal,0.03287197231833916,-4.325259515569613e-4,0.05709342560553654,0.03287197231833916,2.153552622962482e-4,*D* scores
Death (1),tt1,basic,0.03287197231833916,-4.325259515569613e-4,0.05709342560553654,0.03287197231833916,2.153552622962482e-4,*D* scores
Death (1),tt1,percent,0.03287197231833916,-4.325259515569613e-4,0.05709342560553654,0.03287197231833916,2.153552622962482e-4,*D* scores
Death (1),tt1,bca,0.03287197231833916,-4.325259515569613e-4,0.05709342560553654,0.03287197231833916,2.153552622962482e-4,*D* scores
Death (1),tt2,normal,0.12197231833910038,0.06963667820069197,0.1725724304510939,0.12197231833910038,6.895414079651792e-4,*D* scores
Death (1),tt2,basic,0.12197231833910038,0.06963667820069197,0.1725724304510939,0.12197231833910038,6.895414079651792e-4,*D* scores
Death (1),tt2,percent,0.12197231833910038,0.06963667820069197,0.1725724304510939,0.12197231833910038,6.895414079651792e-4,*D* scores
Death (1),tt2,bca,0.12197231833910038,0.06963667820069197,0.1725724304510939,0.12197231833910038,6.895414079651792e-4,*D* scores
Death (1),tt3,normal,0.17820069204152245,0.0947286076111899,0.26535467128027657,0.17820069204152245,0.0018946046961687327,*D* scores
Death (1),tt3,basic,0.17820069204152245,0.0947286076111899,0.26535467128027657,0.17820069204152245,0.0018946046961687327,*D* scores
Death (1),tt3,percent,0.17820069204152245,0.0947286076111899,0.26535467128027657,0.17820069204152245,0.0018946046961687327,*D* scores
Death (1),tt3,bca,0.17820069204152245,0.0947286076111899,0.26535467128027657,0.17820069204152245,0.0018946046961687327,*D* scores
Death (1),tt4,normal,0.09429065743944642,0.019247404844290772,0.15981833910034615,0.09429065743944642,0.0012859347379750785,*D* scores
Death (1),tt4,basic,0.09429065743944642,0.019247404844290772,0.15981833910034615,0.09429065743944642,0.0012859347379750785,*D* scores
Death (1),tt4,percent,0.09429065743944642,0.019247404844290772,0.15981833910034615,0.09429065743944642,0.0012859347379750785,*D* scores
Death (1),tt4,bca,0.09429065743944642,0.019247404844290772,0.15981833910034615,0.09429065743944642,0.0012859347379750785,*D* scores
Death (2),tt1,normal,0.10812500000000003,0.05281250000000026,0.16046875000000016,0.10812500000000003,7.542344442460484e-4,*D* scores
Death (2),tt1,basic,0.10812500000000003,0.05281250000000026,0.16046875000000016,0.10812500000000003,7.542344442460484e-4,*D* scores
Death (2),tt1,percent,0.10812500000000003,0.05281250000000026,0.16046875000000016,0.10812500000000003,7.542344442460484e-4,*D* scores
Death (2),tt1,bca,0.10812500000000003,0.05281250000000026,0.16046875000000016,0.10812500000000003,7.542344442460484e-4,*D* scores
Death (2),tt2,normal,0.16249999999999998,0.10109374999999976,0.22718358100091524,0.16249999999999998,0.001034636966487884,*D* scores
Death (2),tt2,basic,0.16249999999999998,0.10109374999999976,0.22718358100091524,0.16249999999999998,0.001034636966487884,*D* scores
Death (2),tt2,percent,0.16249999999999998,0.10109374999999976,0.22718358100091524,0.16249999999999998,0.001034636966487884,*D* scores
Death (2),tt2,bca,0.16249999999999998,0.10109374999999976,0.22718358100091524,0.16249999999999998,0.001034636966487884,*D* scores
Death (2),tt3,normal,0.06937499999999996,0.029222668999084725,0.10359374999999993,0.06937499999999996,3.599449245916213e-4,*D* scores
Death (2),tt3,basic,0.06937499999999996,0.029222668999084725,0.10359374999999993,0.06937499999999996,3.599449245916213e-4,*D* scores
Death (2),tt3,percent,0.06937499999999996,0.029222668999084725,0.10359374999999993,0.06937499999999996,3.599449245916213e-4,*D* scores
Death (2),tt3,bca,0.06937499999999996,0.029222668999084725,0.10359374999999993,0.06937499999999996,3.599449245916213e-4,*D* scores
Death (2),tt4,normal,0.20124999999999993,0.12109766899908464,0.28639841200183047,0.20124999999999993,0.0017781871900549135,*D* scores
Death (2),tt4,basic,0.20124999999999993,0.12109766899908464,0.28639841200183047,0.20124999999999993,0.0017781871900549135,*D* scores
Death (2),tt4,percent,0.20124999999999993,0.12109766899908464,0.28639841200183047,0.20124999999999993,0.0017781871900549135,*D* scores
Death (2),tt4,bca,0.20124999999999993,0.12109766899908464,0.28639841200183047,0.20124999999999993,0.0017781871900549135,*D* scores
Death (3),tt1,normal,0.07988165680473358,0.04530325443786942,0.11204693728027226,0.07988165680473358,2.8989998954649497e-4,*D* scores
Death (3),tt1,basic,0.07988165680473358,0.04530325443786942,0.11204693728027226,0.07988165680473358,2.8989998954649497e-4,*D* scores
Death (3),tt1,percent,0.07988165680473358,0.04530325443786942,0.11204693728027226,0.07988165680473358,2.8989998954649497e-4,*D* scores
Death (3),tt1,bca,0.07988165680473358,0.04530325443786942,0.11204693728027226,0.07988165680473358,2.8989998954649497e-4,*D* scores
Death (3),tt2,normal,0.17529585798816594,0.11325813609467494,0.23936528461592652,0.17529585798816594,0.0010349211857143509,*D* scores
Death (3),tt2,basic,0.17529585798816594,0.11325813609467494,0.23936528461592652,0.17529585798816594,0.0010349211857143509,*D* scores
Death (3),tt2,percent,0.17529585798816594,0.11325813609467494,0.23936528461592652,0.17529585798816594,0.0010349211857143509,*D* scores
Death (3),tt2,bca,0.17529585798816594,0.11325813609467494,0.23936528461592652,0.17529585798816594,0.0010349211857143509,*D* scores
Death (3),tt3,normal,0.1475591715976331,0.09911242603550285,0.19498890532544366,0.1475591715976331,5.982077312210048e-4,*D* scores
Death (3),tt3,basic,0.1475591715976331,0.09911242603550285,0.19498890532544366,0.1475591715976331,5.982077312210048e-4,*D* scores
Death (3),tt3,percent,0.1475591715976331,0.09911242603550285,0.19498890532544366,0.1475591715976331,5.982077312210048e-4,*D* scores
Death (3),tt3,bca,0.1475591715976331,0.09911242603550285,0.19498890532544366,0.1475591715976331,5.982077312210048e-4,*D* scores
Death (3),tt4,normal,0.19082840236686383,0.12934773313555298,0.25692953372889343,0.19082840236686383,0.0010592667015461585,*D* scores
Death (3),tt4,basic,0.19082840236686383,0.12934773313555298,0.25692953372889343,0.19082840236686383,0.0010592667015461585,*D* scores
Death (3),tt4,percent,0.19082840236686383,0.12934773313555298,0.25692953372889343,0.19082840236686383,0.0010592667015461585,*D* scores
Death (3),tt4,bca,0.19082840236686383,0.12934773313555298,0.25692953372889343,0.19082840236686383,0.0010592667015461585,*D* scores
Disgust (1),tt1,normal,0.10883856829802774,0.07272987786625384,0.1424853907962016,0.10883856829802774,3.1665397126979047e-4,*D* scores
Disgust (1),tt1,basic,0.10883856829802774,0.07272987786625384,0.1424853907962016,0.10883856829802774,3.1665397126979047e-4,*D* scores
Disgust (1),tt1,percent,0.10883856829802774,0.07272987786625384,0.1424853907962016,0.10883856829802774,3.1665397126979047e-4,*D* scores
Disgust (1),tt1,bca,0.10883856829802774,0.07272987786625384,0.1424853907962016,0.10883856829802774,3.1665397126979047e-4,*D* scores
Disgust (1),tt2,normal,0.09368151935719504,0.058025931336742054,0.12641412154884313,0.09368151935719504,3.043617607563592e-4,*D* scores
Disgust (1),tt2,basic,0.09368151935719504,0.058025931336742054,0.12641412154884313,0.09368151935719504,3.043617607563592e-4,*D* scores
Disgust (1),tt2,percent,0.09368151935719504,0.058025931336742054,0.12641412154884313,0.09368151935719504,3.043617607563592e-4,*D* scores
Disgust (1),tt2,bca,0.09368151935719504,0.058025931336742054,0.12641412154884313,0.09368151935719504,3.043617607563592e-4,*D* scores
Disgust (1),tt3,normal,0.22918188458728983,0.17243425858290684,0.28715758188565665,0.22918188458728983,8.565077643187251e-4,*D* scores
Disgust (1),tt3,basic,0.22918188458728983,0.17243425858290684,0.28715758188565665,0.22918188458728983,8.565077643187251e-4,*D* scores
Disgust (1),tt3,percent,0.22918188458728983,0.17243425858290684,0.28715758188565665,0.22918188458728983,8.565077643187251e-4,*D* scores
Disgust (1),tt3,bca,0.22918188458728983,0.17243425858290684,0.28715758188565665,0.22918188458728983,8.565077643187251e-4,*D* scores
Disgust (1),tt4,normal,0.164536157779401,0.11979661621594884,0.20932249817384951,0.164536157779401,5.215849867464056e-4,*D* scores
Disgust (1),tt4,basic,0.164536157779401,0.11979661621594884,0.20932249817384951,0.164536157779401,5.215849867464056e-4,*D* scores
Disgust (1),tt4,percent,0.164536157779401,0.11979661621594884,0.20932249817384951,0.164536157779401,5.215849867464056e-4,*D* scores
Disgust (1),tt4,bca,0.164536157779401,0.11979661621594884,0.20932249817384951,0.164536157779401,5.215849867464056e-4,*D* scores
Disgust (2),tt1,normal,0.1379123850730125,0.09339507842076811,0.18023171033010615,0.1379123850730125,4.907200542324726e-4,*D* scores
Disgust (2),tt1,basic,0.1379123850730125,0.09339507842076811,0.18023171033010615,0.1379123850730125,4.907200542324726e-4,*D* scores
Disgust (2),tt1,percent,0.1379123850730125,0.09339507842076811,0.18023171033010615,0.1379123850730125,4.907200542324726e-4,*D* scores
Disgust (2),tt1,bca,0.1379123850730125,0.09339507842076811,0.18023171033010615,0.1379123850730125,4.907200542324726e-4,*D* scores
Disgust (2),tt2,normal,0.1296646836127635,0.09376774883701094,0.166845248675355,0.1296646836127635,3.4753234216362817e-4,*D* scores
Disgust (2),tt2,basic,0.1296646836127635,0.09376774883701094,0.166845248675355,0.1296646836127635,3.4753234216362817e-4,*D* scores
Disgust (2),tt2,percent,0.1296646836127635,0.09376774883701094,0.166845248675355,0.1296646836127635,3.4753234216362817e-4,*D* scores
Disgust (2),tt2,bca,0.1296646836127635,0.09376774883701094,0.166845248675355,0.1296646836127635,3.4753234216362817e-4,*D* scores
Disgust (2),tt3,normal,0.14250946457544622,0.09089881319513449,0.1920928404552896,0.14250946457544622,6.66404047345443e-4,*D* scores
Disgust (2),tt3,basic,0.14250946457544622,0.09089881319513449,0.1920928404552896,0.14250946457544622,6.66404047345443e-4,*D* scores
Disgust (2),tt3,percent,0.14250946457544622,0.09089881319513449,0.1920928404552896,0.14250946457544622,6.66404047345443e-4,*D* scores
Disgust (2),tt3,bca,0.14250946457544622,0.09089881319513449,0.1920928404552896,0.14250946457544622,6.66404047345443e-4,*D* scores
Disgust (2),tt4,normal,0.1185776095186587,0.08058494732267923,0.15619675348896594,0.1185776095186587,3.720549531268295e-4,*D* scores
Disgust (2),tt4,basic,0.1185776095186587,0.08058494732267923,0.15619675348896594,0.1185776095186587,3.720549531268295e-4,*D* scores
Disgust (2),tt4,percent,0.1185776095186587,0.08058494732267923,0.15619675348896594,0.1185776095186587,3.720549531268295e-4,*D* scores
Disgust (2),tt4,bca,0.1185776095186587,0.08058494732267923,0.15619675348896594,0.1185776095186587,3.720549531268295e-4,*D* scores
Friend-Enemy,tt1,normal,0.13913473552686406,0.10864695314433295,0.16898492603097331,0.13913473552686406,2.369241313560071e-4,*D* scores
Friend-Enemy,tt1,basic,0.13913473552686406,0.10864695314433295,0.16898492603097331,0.13913473552686406,2.369241313560071e-4,*D* scores
Friend-Enemy,tt1,percent,0.13913473552686406,0.10864695314433295,0.16898492603097331,0.13913473552686406,2.369241313560071e-4,*D* scores
Friend-Enemy,tt1,bca,0.13913473552686406,0.10864695314433295,0.16898492603097331,0.13913473552686406,2.369241313560071e-4,*D* scores
Friend-Enemy,tt2,normal,0.11487401082882132,0.09259195493536745,0.13681766605588627,0.11487401082882132,1.2728508460768835e-4,*D* scores
Friend-Enemy,tt2,basic,0.11487401082882132,0.09259195493536745,0.13681766605588627,0.11487401082882132,1.2728508460768835e-4,*D* scores
Friend-Enemy,tt2,percent,0.11487401082882132,0.09259195493536745,0.13681766605588627,0.11487401082882132,1.2728508460768835e-4,*D* scores
Friend-Enemy,tt2,bca,0.11487401082882132,0.09259195493536745,0.13681766605588627,0.11487401082882132,1.2728508460768835e-4,*D* scores
Friend-Enemy,tt3,normal,0.08374114952103273,0.0638890792163063,0.10255443536038046,0.08374114952103273,9.729082711292782e-5,*D* scores
Friend-Enemy,tt3,basic,0.08374114952103273,0.0638890792163063,0.10255443536038046,0.08374114952103273,9.729082711292782e-5,*D* scores
Friend-Enemy,tt3,percent,0.08374114952103273,0.0638890792163063,0.10255443536038046,0.08374114952103273,9.729082711292782e-5,*D* scores
Friend-Enemy,tt3,bca,0.08374114952103273,0.0638890792163063,0.10255443536038046,0.08374114952103273,9.729082711292782e-5,*D* scores
Friend-Enemy,tt4,normal,0.1192211578508956,0.09573615585142359,0.1420625499376788,0.1192211578508956,1.3966412360963027e-4,*D* scores
Friend-Enemy,tt4,basic,0.1192211578508956,0.09573615585142359,0.1420625499376788,0.1192211578508956,1.3966412360963027e-4,*D* scores
Friend-Enemy,tt4,percent,0.1192211578508956,0.09573615585142359,0.1420625499376788,0.1192211578508956,1.3966412360963027e-4,*D* scores
Friend-Enemy,tt4,bca,0.1192211578508956,0.09573615585142359,0.1420625499376788,0.1192211578508956,1.3966412360963027e-4,*D* scores
Gender (1),tt1,normal,0.08432480666270081,0.05201610208187629,0.11417961475334099,0.08432480666270081,2.51477399238296e-4,*D* scores
Gender (1),tt1,basic,0.08432480666270081,0.05201610208187629,0.11417961475334099,0.08432480666270081,2.51477399238296e-4,*D* scores
Gender (1),tt1,percent,0.08432480666270081,0.05201610208187629,0.11417961475334099,0.08432480666270081,2.51477399238296e-4,*D* scores
Gender (1),tt1,bca,0.08432480666270081,0.05201610208187629,0.11417961475334099,0.08432480666270081,2.51477399238296e-4,*D* scores
Gender (1),tt2,normal,0.06320642474717442,0.036994348602022886,0.0863697204045214,0.06320642474717442,1.5865312243823961e-4,*D* scores
Gender (1),tt2,basic,0.06320642474717442,0.036994348602022886,0.0863697204045214,0.06320642474717442,1.5865312243823961e-4,*D* scores
Gender (1),tt2,percent,0.06320642474717442,0.036994348602022886,0.0863697204045214,0.06320642474717442,1.5865312243823961e-4,*D* scores
Gender (1),tt2,bca,0.06320642474717442,0.036994348602022886,0.0863697204045214,0.06320642474717442,1.5865312243823961e-4,*D* scores
Gender (1),tt3,normal,0.1009815585960736,0.06599587602595675,0.13570697941723103,0.1009815585960736,3.162509069156689e-4,*D* scores
Gender (1),tt3,basic,0.1009815585960736,0.06599587602595675,0.13570697941723103,0.1009815585960736,3.162509069156689e-4,*D* scores
Gender (1),tt3,percent,0.1009815585960736,0.06599587602595675,0.13570697941723103,0.1009815585960736,3.162509069156689e-4,*D* scores
Gender (1),tt3,bca,0.1009815585960736,0.06599587602595675,0.13570697941723103,0.1009815585960736,3.162509069156689e-4,*D* scores
Gender (1),tt4,normal,0.09726353361094597,0.06451053111177982,0.13053799214796713,0.09726353361094597,2.837115792173335e-4,*D* scores
Gender (1),tt4,basic,0.09726353361094597,0.06451053111177982,0.13053799214796713,0.09726353361094597,2.837115792173335e-4,*D* scores
Gender (1),tt4,percent,0.09726353361094597,0.06451053111177982,0.13053799214796713,0.09726353361094597,2.837115792173335e-4,*D* scores
Gender (1),tt4,bca,0.09726353361094597,0.06451053111177982,0.13053799214796713,0.09726353361094597,2.837115792173335e-4,*D* scores
Gender (2),tt1,normal,0.1441551246537397,0.11617902227106247,0.17027509766249627,0.1441551246537397,1.9044053081760786e-4,*D* scores
Gender (2),tt1,basic,0.1441551246537397,0.11617902227106247,0.17027509766249627,0.1441551246537397,1.9044053081760786e-4,*D* scores
Gender (2),tt1,percent,0.1441551246537397,0.11617902227106247,0.17027509766249627,0.1441551246537397,1.9044053081760786e-4,*D* scores
Gender (2),tt1,bca,0.1441551246537397,0.11617902227106247,0.17027509766249627,0.1441551246537397,1.9044053081760786e-4,*D* scores
Gender (2),tt2,normal,0.047479224376731244,0.030541382071738177,0.06276973571199229,0.047479224376731244,6.759337114491882e-5,*D* scores
Gender (2),tt2,basic,0.047479224376731244,0.030541382071738177,0.06276973571199229,0.047479224376731244,6.759337114491882e-5,*D* scores
Gender (2),tt2,percent,0.047479224376731244,0.030541382071738177,0.06276973571199229,0.047479224376731244,6.759337114491882e-5,*D* scores
Gender (2),tt2,bca,0.047479224376731244,0.030541382071738177,0.06276973571199229,0.047479224376731244,6.759337114491882e-5,*D* scores
Gender (2),tt3,normal,0.09811634349030496,0.07617728531855994,0.11904812002289135,0.09811634349030496,1.1960566354163022e-4,*D* scores
Gender (2),tt3,basic,0.09811634349030496,0.07617728531855994,0.11904812002289135,0.09811634349030496,1.1960566354163022e-4,*D* scores
Gender (2),tt3,percent,0.09811634349030496,0.07617728531855994,0.11904812002289135,0.09811634349030496,1.1960566354163022e-4,*D* scores
Gender (2),tt3,bca,0.09811634349030496,0.07617728531855994,0.11904812002289135,0.09811634349030496,1.1960566354163022e-4,*D* scores
Gender (2),tt4,normal,0.07030470914127429,0.05137136483098459,0.08887690047673813,0.07030470914127429,9.154162354714763e-5,*D* scores
Gender (2),tt4,basic,0.07030470914127429,0.05137136483098459,0.08887690047673813,0.07030470914127429,9.154162354714763e-5,*D* scores
Gender (2),tt4,percent,0.07030470914127429,0.05137136483098459,0.08887690047673813,0.07030470914127429,9.154162354714763e-5,*D* scores
Gender (2),tt4,bca,0.07030470914127429,0.05137136483098459,0.08887690047673813,0.07030470914127429,9.154162354714763e-5,*D* scores
Lincoln-Hitler,tt1,normal,0.12891701101928366,0.10721974894385894,0.1506103262169225,0.12891701101928366,1.225233103452793e-4,*D* scores
Lincoln-Hitler,tt1,basic,0.12891701101928366,0.10721974894385894,0.1506103262169225,0.12891701101928366,1.225233103452793e-4,*D* scores
Lincoln-Hitler,tt1,percent,0.12891701101928366,0.10721974894385894,0.1506103262169225,0.12891701101928366,1.225233103452793e-4,*D* scores
Lincoln-Hitler,tt1,bca,0.12891701101928366,0.10721974894385894,0.1506103262169225,0.12891701101928366,1.225233103452793e-4,*D* scores
Lincoln-Hitler,tt2,normal,0.1115558999081726,0.08936561023816289,0.13392571983525675,0.1115558999081726,1.292172120538979e-4,*D* scores
Lincoln-Hitler,tt2,basic,0.1115558999081726,0.08936561023816289,0.13392571983525675,0.1115558999081726,1.292172120538979e-4,*D* scores
Lincoln-Hitler,tt2,percent,0.1115558999081726,0.08936561023816289,0.13392571983525675,0.1115558999081726,1.292172120538979e-4,*D* scores
Lincoln-Hitler,tt2,bca,0.1115558999081726,0.08936561023816289,0.13392571983525675,0.1115558999081726,1.292172120538979e-4,*D* scores
Lincoln-Hitler,tt3,normal,0.12551652892561982,0.10057975020659049,0.14940921887060737,0.12551652892561982,1.551643202057871e-4,*D* scores
Lincoln-Hitler,tt3,basic,0.12551652892561982,0.10057975020659049,0.14940921887060737,0.12551652892561982,1.551643202057871e-4,*D* scores
Lincoln-Hitler,tt3,percent,0.12551652892561982,0.10057975020659049,0.14940921887060737,0.12551652892561982,1.551643202057871e-4,*D* scores
Lincoln-Hitler,tt3,bca,0.12551652892561982,0.10057975020659049,0.14940921887060737,0.12551652892561982,1.551643202057871e-4,*D* scores
Lincoln-Hitler,tt4,normal,0.14349460514233248,0.1170713779838643,0.16982959662553354,0.14349460514233248,1.811373928989338e-4,*D* scores
Lincoln-Hitler,tt4,basic,0.14349460514233248,0.1170713779838643,0.16982959662553354,0.14349460514233248,1.811373928989338e-4,*D* scores
Lincoln-Hitler,tt4,percent,0.14349460514233248,0.1170713779838643,0.16982959662553354,0.14349460514233248,1.811373928989338e-4,*D* scores
Lincoln-Hitler,tt4,bca,0.14349460514233248,0.1170713779838643,0.16982959662553354,0.14349460514233248,1.811373928989338e-4,*D* scores
Personality - Agreeableness,tt1,normal,0.116863905325444,0.08185404339250524,0.15080332991501177,0.116863905325444,3.093765691354319e-4,*D* scores
Personality - Agreeableness,tt1,basic,0.116863905325444,0.08185404339250524,0.15080332991501177,0.116863905325444,3.093765691354319e-4,*D* scores
Personality - Agreeableness,tt1,percent,0.116863905325444,0.08185404339250524,0.15080332991501177,0.116863905325444,3.093765691354319e-4,*D* scores
Personality - Agreeableness,tt1,bca,0.116863905325444,0.08185404339250524,0.15080332991501177,0.116863905325444,3.093765691354319e-4,*D* scores
Personality - Agreeableness,tt2,normal,0.07823800131492442,0.046968486258799416,0.10654893648939262,0.07823800131492442,2.3101247199605593e-4,*D* scores
Personality - Agreeableness,tt2,basic,0.07823800131492442,0.046968486258799416,0.10654893648939262,0.07823800131492442,2.3101247199605593e-4,*D* scores
Personality - Agreeableness,tt2,percent,0.07823800131492442,0.046968486258799416,0.10654893648939262,0.07823800131492442,2.3101247199605593e-4,*D* scores
Personality - Agreeableness,tt2,bca,0.07823800131492442,0.046968486258799416,0.10654893648939262,0.07823800131492442,2.3101247199605593e-4,*D* scores
Personality - Agreeableness,tt3,normal,0.16748849441157143,0.10794707429322836,0.22308308007937705,0.16748849441157143,8.62680903034417e-4,*D* scores
Personality - Agreeableness,tt3,basic,0.16748849441157143,0.10794707429322836,0.22308308007937705,0.16748849441157143,8.62680903034417e-4,*D* scores
Personality - Agreeableness,tt3,percent,0.16748849441157143,0.10794707429322836,0.22308308007937705,0.16748849441157143,8.62680903034417e-4,*D* scores
Personality - Agreeableness,tt3,bca,0.16748849441157143,0.10794707429322836,0.22308308007937705,0.16748849441157143,8.62680903034417e-4,*D* scores
Personality - Agreeableness,tt4,normal,0.15729783037475353,0.10622741985391435,0.21051014621983316,0.15729783037475353,7.077055795963335e-4,*D* scores
Personality - Agreeableness,tt4,basic,0.15729783037475353,0.10622741985391435,0.21051014621983316,0.15729783037475353,7.077055795963335e-4,*D* scores
Personality - Agreeableness,tt4,percent,0.15729783037475353,0.10622741985391435,0.21051014621983316,0.15729783037475353,7.077055795963335e-4,*D* scores
Personality - Agreeableness,tt4,bca,0.15729783037475353,0.10622741985391435,0.21051014621983316,0.15729783037475353,7.077055795963335e-4,*D* scores
Personality - Conscientiousness,tt1,normal,0.19296515450361595,0.1492069496374328,0.23779276607567248,0.19296515450361595,5.10688702235364e-4,*D* scores
Personality - Conscientiousness,tt1,basic,0.19296515450361595,0.1492069496374328,0.23779276607567248,0.19296515450361595,5.10688702235364e-4,*D* scores
Personality - Conscientiousness,tt1,percent,0.19296515450361595,0.1492069496374328,0.23779276607567248,0.19296515450361595,5.10688702235364e-4,*D* scores
Personality - Conscientiousness,tt1,bca,0.19296515450361595,0.1492069496374328,0.23779276607567248,0.19296515450361595,5.10688702235364e-4,*D* scores
Personality - Conscientiousness,tt2,normal,0.030900723208415415,0.01348003629143149,0.045488165680473314,0.030900723208415415,6.66727631055838e-5,*D* scores
Personality - Conscientiousness,tt2,basic,0.030900723208415415,0.01348003629143149,0.045488165680473314,0.030900723208415415,6.66727631055838e-5,*D* scores
Personality - Conscientiousness,tt2,percent,0.030900723208415415,0.01348003629143149,0.045488165680473314,0.030900723208415415,6.66727631055838e-5,*D* scores
Personality - Conscientiousness,tt2,bca,0.030900723208415415,0.01348003629143149,0.045488165680473314,0.030900723208415415,6.66727631055838e-5,*D* scores
Personality - Conscientiousness,tt3,normal,0.1487508218277449,0.10010068060438385,0.19846624720698913,0.1487508218277449,6.296715361471507e-4,*D* scores
Personality - Conscientiousness,tt3,basic,0.1487508218277449,0.10010068060438385,0.19846624720698913,0.1487508218277449,6.296715361471507e-4,*D* scores
Personality - Conscientiousness,tt3,percent,0.1487508218277449,0.10010068060438385,0.19846624720698913,0.1487508218277449,6.296715361471507e-4,*D* scores
Personality - Conscientiousness,tt3,bca,0.1487508218277449,0.10010068060438385,0.19846624720698913,0.1487508218277449,6.296715361471507e-4,*D* scores
Personality - Conscientiousness,tt4,normal,0.12261669953977627,0.08148525154479508,0.16078750637810504,0.12261669953977627,4.0925965884314056e-4,*D* scores
Personality - Conscientiousness,tt4,basic,0.12261669953977627,0.08148525154479508,0.16078750637810504,0.12261669953977627,4.0925965884314056e-4,*D* scores
Personality - Conscientiousness,tt4,percent,0.12261669953977627,0.08148525154479508,0.16078750637810504,0.12261669953977627,4.0925965884314056e-4,*D* scores
Personality - Conscientiousness,tt4,bca,0.12261669953977627,0.08148525154479508,0.16078750637810504,0.12261669953977627,4.0925965884314056e-4,*D* scores
Personality - Extraversion,tt1,normal,0.09435261707988996,0.05808080808080829,0.1284980393027848,0.09435261707988996,3.226901846215968e-4,*D* scores
Personality - Extraversion,tt1,basic,0.09435261707988996,0.05808080808080829,0.1284980393027848,0.09435261707988996,3.226901846215968e-4,*D* scores
Personality - Extraversion,tt1,percent,0.09435261707988996,0.05808080808080829,0.1284980393027848,0.09435261707988996,3.226901846215968e-4,*D* scores
Personality - Extraversion,tt1,bca,0.09435261707988996,0.05808080808080829,0.1284980393027848,0.09435261707988996,3.226901846215968e-4,*D* scores
Personality - Extraversion,tt2,normal,0.1241965105601468,0.07983817300140997,0.16643565876984928,0.1241965105601468,4.880209119517291e-4,*D* scores
Personality - Extraversion,tt2,basic,0.1241965105601468,0.07983817300140997,0.16643565876984928,0.1241965105601468,4.880209119517291e-4,*D* scores
Personality - Extraversion,tt2,percent,0.1241965105601468,0.07983817300140997,0.16643565876984928,0.1241965105601468,4.880209119517291e-4,*D* scores
Personality - Extraversion,tt2,bca,0.1241965105601468,0.07983817300140997,0.16643565876984928,0.1241965105601468,4.880209119517291e-4,*D* scores
Personality - Extraversion,tt3,normal,0.16666666666666663,0.12328111588546145,0.21223167787061376,0.16666666666666663,5.149028059580918e-4,*D* scores
Personality - Extraversion,tt3,basic,0.16666666666666663,0.12328111588546145,0.21223167787061376,0.16666666666666663,5.149028059580918e-4,*D* scores
Personality - Extraversion,tt3,percent,0.16666666666666663,0.12328111588546145,0.21223167787061376,0.16666666666666663,5.149028059580918e-4,*D* scores
Personality - Extraversion,tt3,bca,0.16666666666666663,0.12328111588546145,0.21223167787061376,0.16666666666666663,5.149028059580918e-4,*D* scores
Personality - Extraversion,tt4,normal,0.05050505050505061,0.023989898989899006,0.07369002056966595,0.05050505050505061,1.6074695992839024e-4,*D* scores
Personality - Extraversion,tt4,basic,0.05050505050505061,0.023989898989899006,0.07369002056966595,0.05050505050505061,1.6074695992839024e-4,*D* scores
Personality - Extraversion,tt4,percent,0.05050505050505061,0.023989898989899006,0.07369002056966595,0.05050505050505061,1.6074695992839024e-4,*D* scores
Personality - Extraversion,tt4,bca,0.05050505050505061,0.023989898989899006,0.07369002056966595,0.05050505050505061,1.6074695992839024e-4,*D* scores
Personality - Neuroticism,tt1,normal,0.135986328125,0.096435546875,0.1770004222659825,0.135986328125,4.223955608837814e-4,*D* scores
Personality - Neuroticism,tt1,basic,0.135986328125,0.096435546875,0.1770004222659825,0.135986328125,4.223955608837814e-4,*D* scores
Personality - Neuroticism,tt1,percent,0.135986328125,0.096435546875,0.1770004222659825,0.135986328125,4.223955608837814e-4,*D* scores
Personality - Neuroticism,tt1,bca,0.135986328125,0.096435546875,0.1770004222659825,0.135986328125,4.223955608837814e-4,*D* scores
Personality - Neuroticism,tt2,normal,0.112548828125,0.07446748320205246,0.1514877269534825,0.112548828125,3.860447435658124e-4,*D* scores
Personality - Neuroticism,tt2,basic,0.112548828125,0.07446748320205246,0.1514877269534825,0.112548828125,3.860447435658124e-4,*D* scores
Personality - Neuroticism,tt2,percent,0.112548828125,0.07446748320205246,0.1514877269534825,0.112548828125,3.860447435658124e-4,*D* scores
Personality - Neuroticism,tt2,bca,0.112548828125,0.07446748320205246,0.1514877269534825,0.112548828125,3.860447435658124e-4,*D* scores
Personality - Neuroticism,tt3,normal,0.15869140625,0.1143798828125,0.2022689769534825,0.15869140625,5.026872181462467e-4,*D* scores
Personality - Neuroticism,tt3,basic,0.15869140625,0.1143798828125,0.2022689769534825,0.15869140625,5.026872181462467e-4,*D* scores
Personality - Neuroticism,tt3,percent,0.15869140625,0.1143798828125,0.2022689769534825,0.15869140625,5.026872181462467e-4,*D* scores
Personality - Neuroticism,tt3,bca,0.15869140625,0.1143798828125,0.2022689769534825,0.15869140625,5.026872181462467e-4,*D* scores
Personality - Neuroticism,tt4,normal,0.1572265625,0.10791015625,0.2050765941409825,0.1572265625,6.144130474556278e-4,*D* scores
Personality - Neuroticism,tt4,basic,0.1572265625,0.10791015625,0.2050765941409825,0.1572265625,6.144130474556278e-4,*D* scores
Personality - Neuroticism,tt4,percent,0.1572265625,0.10791015625,0.2050765941409825,0.1572265625,6.144130474556278e-4,*D* scores
Personality - Neuroticism,tt4,bca,0.1572265625,0.10791015625,0.2050765941409825,0.1572265625,6.144130474556278e-4,*D* scores
Personality - Openness,tt1,normal,0.09940312213039482,0.06037649219467378,0.13624885215794302,0.09940312213039482,3.7462352967486867e-4,*D* scores
Personality - Openness,tt1,basic,0.09940312213039482,0.06037649219467378,0.13624885215794302,0.09940312213039482,3.7462352967486867e-4,*D* scores
Personality - Openness,tt1,percent,0.09940312213039482,0.06037649219467378,0.13624885215794302,0.09940312213039482,3.7462352967486867e-4,*D* scores
Personality - Openness,tt1,bca,0.09940312213039482,0.06037649219467378,0.13624885215794302,0.09940312213039482,3.7462352967486867e-4,*D* scores
Personality - Openness,tt2,normal,0.12121212121212122,0.07610192837465557,0.165633608815427,0.12121212121212122,5.216525537893333e-4,*D* scores
Personality - Openness,tt2,basic,0.12121212121212122,0.07610192837465557,0.165633608815427,0.12121212121212122,5.216525537893333e-4,*D* scores
Personality - Openness,tt2,percent,0.12121212121212122,0.07610192837465557,0.165633608815427,0.12121212121212122,5.216525537893333e-4,*D* scores
Personality - Openness,tt2,bca,0.12121212121212122,0.07610192837465557,0.165633608815427,0.12121212121212122,5.216525537893333e-4,*D* scores
Personality - Openness,tt3,normal,0.06795224977043168,0.032829722313713575,0.09957385895350451,0.06795224977043168,2.8990393168153134e-4,*D* scores
Personality - Openness,tt3,basic,0.06795224977043168,0.032829722313713575,0.09957385895350451,0.06795224977043168,2.8990393168153134e-4,*D* scores
Personality - Openness,tt3,percent,0.06795224977043168,0.032829722313713575,0.09957385895350451,0.06795224977043168,2.8990393168153134e-4,*D* scores
Personality - Openness,tt3,bca,0.06795224977043168,0.032829722313713575,0.09957385895350451,0.06795224977043168,2.8990393168153134e-4,*D* scores
Personality - Openness,tt4,normal,0.16712580348943995,0.11363780312179433,0.22153351698806267,0.16712580348943995,7.575935203243213e-4,*D* scores
Personality - Openness,tt4,basic,0.16712580348943995,0.11363780312179433,0.22153351698806267,0.16712580348943995,7.575935203243213e-4,*D* scores
Personality - Openness,tt4,percent,0.16712580348943995,0.11363780312179433,0.22153351698806267,0.16712580348943995,7.575935203243213e-4,*D* scores
Personality - Openness,tt4,bca,0.16712580348943995,0.11363780312179433,0.22153351698806267,0.16712580348943995,7.575935203243213e-4,*D* scores
Race (1),tt1,normal,0.17913580246913585,0.1320401335301413,0.22555323318572784,0.17913580246913585,5.690792773320792e-4,*D* scores
Race (1),tt1,basic,0.17913580246913585,0.1320401335301413,0.22555323318572784,0.17913580246913585,5.690792773320792e-4,*D* scores
Race (1),tt1,percent,0.17913580246913585,0.1320401335301413,0.22555323318572784,0.17913580246913585,5.690792773320792e-4,*D* scores
Race (1),tt1,bca,0.17913580246913585,0.1320401335301413,0.22555323318572784,0.17913580246913585,5.690792773320792e-4,*D* scores
Race (1),tt2,normal,0.06740740740740736,0.03595756424673255,0.09614197530864188,0.06740740740740736,2.3571970890181663e-4,*D* scores
Race (1),tt2,basic,0.06740740740740736,0.03595756424673255,0.09614197530864188,0.06740740740740736,2.3571970890181663e-4,*D* scores
Race (1),tt2,percent,0.06740740740740736,0.03595756424673255,0.09614197530864188,0.06740740740740736,2.3571970890181663e-4,*D* scores
Race (1),tt2,bca,0.06740740740740736,0.03595756424673255,0.09614197530864188,0.06740740740740736,2.3571970890181663e-4,*D* scores
Race (1),tt3,normal,0.10753086419753088,0.07632716049382715,0.13762268266684757,0.10753086419753088,2.445036598333532e-4,*D* scores
Race (1),tt3,basic,0.10753086419753088,0.07632716049382715,0.13762268266684757,0.10753086419753088,2.445036598333532e-4,*D* scores
Race (1),tt3,percent,0.10753086419753088,0.07632716049382715,0.13762268266684757,0.10753086419753088,2.445036598333532e-4,*D* scores
Race (1),tt3,bca,0.10753086419753088,0.07632716049382715,0.13762268266684757,0.10753086419753088,2.445036598333532e-4,*D* scores
Race (1),tt4,normal,0.08975308641975288,0.06009336671586836,0.11830092088925023,0.08975308641975288,2.2048881734480332e-4,*D* scores
Race (1),tt4,basic,0.08975308641975288,0.06009336671586836,0.11830092088925023,0.08975308641975288,2.2048881734480332e-4,*D* scores
Race (1),tt4,percent,0.08975308641975288,0.06009336671586836,0.11830092088925023,0.08975308641975288,2.2048881734480332e-4,*D* scores
Race (1),tt4,bca,0.08975308641975288,0.06009336671586836,0.11830092088925023,0.08975308641975288,2.2048881734480332e-4,*D* scores
Race (2),tt1,normal,0.18065599173553715,0.12800475351182933,0.23001354834786367,0.18065599173553715,6.771784037835893e-4,*D* scores
Race (2),tt1,basic,0.18065599173553715,0.12800475351182933,0.23001354834786367,0.18065599173553715,6.771784037835893e-4,*D* scores
Race (2),tt1,percent,0.18065599173553715,0.12800475351182933,0.23001354834786367,0.18065599173553715,6.771784037835893e-4,*D* scores
Race (2),tt1,bca,0.18065599173553715,0.12800475351182933,0.23001354834786367,0.18065599173553715,6.771784037835893e-4,*D* scores
Race (2),tt2,normal,0.0974948347107436,0.0642771876029272,0.1293549739676981,0.0974948347107436,2.756090091458482e-4,*D* scores
Race (2),tt2,basic,0.0974948347107436,0.0642771876029272,0.1293549739676981,0.0974948347107436,2.756090091458482e-4,*D* scores
Race (2),tt2,percent,0.0974948347107436,0.0642771876029272,0.1293549739676981,0.0974948347107436,2.756090091458482e-4,*D* scores
Race (2),tt2,bca,0.0974948347107436,0.0642771876029272,0.1293549739676981,0.0974948347107436,2.756090091458482e-4,*D* scores
Race (2),tt3,normal,0.10201446280991722,0.07167000785086128,0.1321652194218656,0.10201446280991722,2.3816057261431272e-4,*D* scores
Race (2),tt3,basic,0.10201446280991722,0.07167000785086128,0.1321652194218656,0.10201446280991722,2.3816057261431272e-4,*D* scores
Race (2),tt3,percent,0.10201446280991722,0.07167000785086128,0.1321652194218656,0.10201446280991722,2.3816057261431272e-4,*D* scores
Race (2),tt3,bca,0.10201446280991722,0.07167000785086128,0.1321652194218656,0.10201446280991722,2.3816057261431272e-4,*D* scores
Race (2),tt4,normal,0.09723657024793397,0.06550313409072026,0.12684013429752095,0.09723657024793397,2.4483467789261426e-4,*D* scores
Race (2),tt4,basic,0.09723657024793397,0.06550313409072026,0.12684013429752095,0.09723657024793397,2.4483467789261426e-4,*D* scores
Race (2),tt4,percent,0.09723657024793397,0.06550313409072026,0.12684013429752095,0.09723657024793397,2.4483467789261426e-4,*D* scores
Race (2),tt4,bca,0.09723657024793397,0.06550313409072026,0.12684013429752095,0.09723657024793397,2.4483467789261426e-4,*D* scores
Religion,tt1,normal,0.12472222222222218,0.0735416666666664,0.17590277777777785,0.12472222222222218,6.818641365512616e-4,*D* scores
Religion,tt1,basic,0.12472222222222218,0.0735416666666664,0.17590277777777785,0.12472222222222218,6.818641365512616e-4,*D* scores
Religion,tt1,percent,0.12472222222222218,0.0735416666666664,0.17590277777777785,0.12472222222222218,6.818641365512616e-4,*D* scores
Religion,tt1,bca,0.12472222222222218,0.0735416666666664,0.17590277777777785,0.12472222222222218,6.818641365512616e-4,*D* scores
Religion,tt2,normal,0.0986111111111112,0.061392372443630966,0.13430381377818468,0.0986111111111112,3.459546983992391e-4,*D* scores
Religion,tt2,basic,0.0986111111111112,0.061392372443630966,0.13430381377818468,0.0986111111111112,3.459546983992391e-4,*D* scores
Religion,tt2,percent,0.0986111111111112,0.061392372443630966,0.13430381377818468,0.0986111111111112,3.459546983992391e-4,*D* scores
Religion,tt2,bca,0.0986111111111112,0.061392372443630966,0.13430381377818468,0.0986111111111112,3.459546983992391e-4,*D* scores
Religion,tt3,normal,0.1677777777777777,0.11187674177737084,0.22381944444444435,0.1677777777777777,8.15491506169879e-4,*D* scores
Religion,tt3,basic,0.1677777777777777,0.11187674177737084,0.22381944444444435,0.1677777777777777,8.15491506169879e-4,*D* scores
Religion,tt3,percent,0.1677777777777777,0.11187674177737084,0.22381944444444435,0.1677777777777777,8.15491506169879e-4,*D* scores
Religion,tt3,bca,0.1677777777777777,0.11187674177737084,0.22381944444444435,0.1677777777777777,8.15491506169879e-4,*D* scores
Religion,tt4,normal,0.12138888888888888,0.07937674177737108,0.16103992488929586,0.12138888888888888,4.339907509873331e-4,*D* scores
Religion,tt4,basic,0.12138888888888888,0.07937674177737108,0.16103992488929586,0.12138888888888888,4.339907509873331e-4,*D* scores
Religion,tt4,percent,0.12138888888888888,0.07937674177737108,0.16103992488929586,0.12138888888888888,4.339907509873331e-4,*D* scores
Religion,tt4,bca,0.12138888888888888,0.07937674177737108,0.16103992488929586,0.12138888888888888,4.339907509873331e-4,*D* scores
Rich-Poor,tt1,normal,0.0901006235827666,0.06865102738007084,0.1109071616213673,0.0901006235827666,1.1620033846694519e-4,*D* scores
Rich-Poor,tt1,basic,0.0901006235827666,0.06865102738007084,0.1109071616213673,0.0901006235827666,1.1620033846694519e-4,*D* scores
Rich-Poor,tt1,percent,0.0901006235827666,0.06865102738007084,0.1109071616213673,0.0901006235827666,1.1620033846694519e-4,*D* scores
Rich-Poor,tt1,bca,0.0901006235827666,0.06865102738007084,0.1109071616213673,0.0901006235827666,1.1620033846694519e-4,*D* scores
Rich-Poor,tt2,normal,0.1129535147392291,0.08596607261858066,0.1381328732433569,0.1129535147392291,1.7709906597675155e-4,*D* scores
Rich-Poor,tt2,basic,0.1129535147392291,0.08596607261858066,0.1381328732433569,0.1129535147392291,1.7709906597675155e-4,*D* scores
Rich-Poor,tt2,percent,0.1129535147392291,0.08596607261858066,0.1381328732433569,0.1129535147392291,1.7709906597675155e-4,*D* scores
Rich-Poor,tt2,bca,0.1129535147392291,0.08596607261858066,0.1381328732433569,0.1129535147392291,1.7709906597675155e-4,*D* scores
Rich-Poor,tt3,normal,0.10572562358276638,0.08114881150715811,0.13059474008014332,0.10572562358276638,1.5910687294647775e-4,*D* scores
Rich-Poor,tt3,basic,0.10572562358276638,0.08114881150715811,0.13059474008014332,0.10572562358276638,1.5910687294647775e-4,*D* scores
Rich-Poor,tt3,percent,0.10572562358276638,0.08114881150715811,0.13059474008014332,0.10572562358276638,1.5910687294647775e-4,*D* scores
Rich-Poor,tt3,bca,0.10572562358276638,0.08114881150715811,0.13059474008014332,0.10572562358276638,1.5910687294647775e-4,*D* scores
Rich-Poor,tt4,normal,0.09559240362811805,0.07176560873005529,0.11831154047639832,0.09559240362811805,1.4099097785657172e-4,*D* scores
Rich-Poor,tt4,basic,0.09559240362811805,0.07176560873005529,0.11831154047639832,0.09559240362811805,1.4099097785657172e-4,*D* scores
Rich-Poor,tt4,percent,0.09559240362811805,0.07176560873005529,0.11831154047639832,0.09559240362811805,1.4099097785657172e-4,*D* scores
Rich-Poor,tt4,bca,0.09559240362811805,0.07176560873005529,0.11831154047639832,0.09559240362811805,1.4099097785657172e-4,*D* scores
Sexuality (1),tt1,normal,0.2470414201183434,0.1825097153840744,0.3204511834319532,0.2470414201183434,0.0012382762785820998,*D* scores
Sexuality (1),tt1,basic,0.2470414201183434,0.1825097153840744,0.3204511834319532,0.2470414201183434,0.0012382762785820998,*D* scores
Sexuality (1),tt1,percent,0.2470414201183434,0.1825097153840744,0.3204511834319532,0.2470414201183434,0.0012382762785820998,*D* scores
Sexuality (1),tt1,bca,0.2470414201183434,0.1825097153840744,0.3204511834319532,0.2470414201183434,0.0012382762785820998,*D* scores
Sexuality (1),tt2,normal,0.13165680473372798,0.0730422597627726,0.19267751479289985,0.13165680473372798,9.314214289699337e-4,*D* scores
Sexuality (1),tt2,basic,0.13165680473372798,0.0730422597627726,0.19267751479289985,0.13165680473372798,9.314214289699337e-4,*D* scores
Sexuality (1),tt2,percent,0.13165680473372798,0.0730422597627726,0.19267751479289985,0.13165680473372798,9.314214289699337e-4,*D* scores
Sexuality (1),tt2,bca,0.13165680473372798,0.0730422597627726,0.19267751479289985,0.13165680473372798,9.314214289699337e-4,*D* scores
Sexuality (1),tt3,normal,0.31619822485207094,0.25971247810542564,0.38507070591878445,0.31619822485207094,0.0010226653790416736,*D* scores
Sexuality (1),tt3,basic,0.31619822485207094,0.25971247810542564,0.38507070591878445,0.31619822485207094,0.0010226653790416736,*D* scores
Sexuality (1),tt3,percent,0.31619822485207094,0.25971247810542564,0.38507070591878445,0.31619822485207094,0.0010226653790416736,*D* scores
Sexuality (1),tt3,bca,0.31619822485207094,0.25971247810542564,0.38507070591878445,0.31619822485207094,0.0010226653790416736,*D* scores
Sexuality (1),tt4,normal,0.21338757396449692,0.15643723017697303,0.2699704142011833,0.21338757396449692,8.388291255385249e-4,*D* scores
Sexuality (1),tt4,basic,0.21338757396449692,0.15643723017697303,0.2699704142011833,0.21338757396449692,8.388291255385249e-4,*D* scores
Sexuality (1),tt4,percent,0.21338757396449692,0.15643723017697303,0.2699704142011833,0.21338757396449692,8.388291255385249e-4,*D* scores
Sexuality (1),tt4,bca,0.21338757396449692,0.15643723017697303,0.2699704142011833,0.21338757396449692,8.388291255385249e-4,*D* scores
Sexuality (2),tt1,normal,0.3801939058171745,0.3286054504144984,0.4490997229916899,0.3801939058171745,9.448452288048285e-4,*D* scores
Sexuality (2),tt1,basic,0.3801939058171745,0.3286054504144984,0.4490997229916899,0.3801939058171745,9.448452288048285e-4,*D* scores
Sexuality (2),tt1,percent,0.3801939058171745,0.3286054504144984,0.4490997229916899,0.3801939058171745,9.448452288048285e-4,*D* scores
Sexuality (2),tt1,bca,0.3801939058171745,0.3286054504144984,0.4490997229916899,0.3801939058171745,9.448452288048285e-4,*D* scores
Sexuality (2),tt2,normal,0.3656509695290858,0.30696417617627114,0.44113139169076465,0.3656509695290858,0.001171441698700577,*D* scores
Sexuality (2),tt2,basic,0.3656509695290858,0.30696417617627114,0.44113139169076465,0.3656509695290858,0.001171441698700577,*D* scores
Sexuality (2),tt2,percent,0.3656509695290858,0.30696417617627114,0.44113139169076465,0.3656509695290858,0.001171441698700577,*D* scores
Sexuality (2),tt2,bca,0.3656509695290858,0.30696417617627114,0.44113139169076465,0.3656509695290858,0.001171441698700577,*D* scores
Sexuality (2),tt3,normal,0.40512465373961215,0.34487534626038774,0.4852839335180055,0.40512465373961215,0.001282966171366101,*D* scores
Sexuality (2),tt3,basic,0.40512465373961215,0.34487534626038774,0.4852839335180055,0.40512465373961215,0.001282966171366101,*D* scores
Sexuality (2),tt3,percent,0.40512465373961215,0.34487534626038774,0.4852839335180055,0.40512465373961215,0.001282966171366101,*D* scores
Sexuality (2),tt3,bca,0.40512465373961215,0.34487534626038774,0.4852839335180055,0.40512465373961215,0.001282966171366101,*D* scores
Sexuality (2),tt4,normal,0.275623268698061,0.20325484764542934,0.3613227146814404,0.275623268698061,0.0016259794479718131,*D* scores
Sexuality (2),tt4,basic,0.275623268698061,0.20325484764542934,0.3613227146814404,0.275623268698061,0.0016259794479718131,*D* scores
Sexuality (2),tt4,percent,0.275623268698061,0.20325484764542934,0.3613227146814404,0.275623268698061,0.0016259794479718131,*D* scores
Sexuality (2),tt4,bca,0.275623268698061,0.20325484764542934,0.3613227146814404,0.275623268698061,0.0016259794479718131,*D* scores
Shapes & colors (1),tt1,normal,0.04958677685950419,0.00466171569945395,0.08780991735537191,0.04958677685950419,4.4991822669025917e-4,*D* scores
Shapes & colors (1),tt1,basic,0.04958677685950419,0.00466171569945395,0.08780991735537191,0.04958677685950419,4.4991822669025917e-4,*D* scores
Shapes & colors (1),tt1,percent,0.04958677685950419,0.00466171569945395,0.08780991735537191,0.04958677685950419,4.4991822669025917e-4,*D* scores
Shapes & colors (1),tt1,bca,0.04958677685950419,0.00466171569945395,0.08780991735537191,0.04958677685950419,4.4991822669025917e-4,*D* scores
Shapes & colors (1),tt2,normal,0.09297520661157033,0.02840909090909094,0.15392561983471098,0.09297520661157033,0.0010252498329820915,*D* scores
Shapes & colors (1),tt2,basic,0.09297520661157033,0.02840909090909094,0.15392561983471098,0.09297520661157033,0.0010252498329820915,*D* scores
Shapes & colors (1),tt2,percent,0.09297520661157033,0.02840909090909094,0.15392561983471098,0.09297520661157033,0.0010252498329820915,*D* scores
Shapes & colors (1),tt2,bca,0.09297520661157033,0.02840909090909094,0.15392561983471098,0.09297520661157033,0.0010252498329820915,*D* scores
Shapes & colors (1),tt3,normal,0.15702479338842967,0.07697576528623051,0.23605371900826422,0.15702479338842967,0.0016468265410499205,*D* scores
Shapes & colors (1),tt3,basic,0.15702479338842967,0.07697576528623051,0.23605371900826422,0.15702479338842967,0.0016468265410499205,*D* scores
Shapes & colors (1),tt3,percent,0.15702479338842967,0.07697576528623051,0.23605371900826422,0.15702479338842967,0.0016468265410499205,*D* scores
Shapes & colors (1),tt3,bca,0.15702479338842967,0.07697576528623051,0.23605371900826422,0.15702479338842967,0.0016468265410499205,*D* scores
Shapes & colors (1),tt4,normal,0.039256198347107585,-0.0025826446280990956,0.06973140495867791,0.039256198347107585,3.4030884056375233e-4,*D* scores
Shapes & colors (1),tt4,basic,0.039256198347107585,-0.0025826446280990956,0.06973140495867791,0.039256198347107585,3.4030884056375233e-4,*D* scores
Shapes & colors (1),tt4,percent,0.039256198347107585,-0.0025826446280990956,0.06973140495867791,0.039256198347107585,3.4030884056375233e-4,*D* scores
Shapes & colors (1),tt4,bca,0.039256198347107585,-0.0025826446280990956,0.06973140495867791,0.039256198347107585,3.4030884056375233e-4,*D* scores
Shapes & colors (2),tt1,normal,0.22249999999999992,0.12064067599633893,0.3387343240036608,0.22249999999999992,0.003095379483883123,*D* scores
Shapes & colors (2),tt1,basic,0.22249999999999992,0.12064067599633893,0.3387343240036608,0.22249999999999992,0.003095379483883123,*D* scores
Shapes & colors (2),tt1,percent,0.22249999999999992,0.12064067599633893,0.3387343240036608,0.22249999999999992,0.003095379483883123,*D* scores
Shapes & colors (2),tt1,bca,0.22249999999999992,0.12064067599633893,0.3387343240036608,0.22249999999999992,0.003095379483883123,*D* scores
Shapes & colors (2),tt2,normal,0.09749999999999992,0.025624999999999676,0.15873432400366078,0.09749999999999992,0.0011530411896548073,*D* scores
Shapes & colors (2),tt2,basic,0.09749999999999992,0.025624999999999676,0.15873432400366078,0.09749999999999992,0.0011530411896548073,*D* scores
Shapes & colors (2),tt2,percent,0.09749999999999992,0.025624999999999676,0.15873432400366078,0.09749999999999992,0.0011530411896548073,*D* scores
Shapes & colors (2),tt2,bca,0.09749999999999992,0.025624999999999676,0.15873432400366078,0.09749999999999992,0.0011530411896548073,*D* scores
Shapes & colors (2),tt3,normal,0.0025000000000000577,-0.004999999999999893,0.0050000000000001155,0.0025000000000000577,6.507705122865485e-6,*D* scores
Shapes & colors (2),tt3,basic,0.0025000000000000577,-0.004999999999999893,0.0050000000000001155,0.0025000000000000577,6.507705122865485e-6,*D* scores
Shapes & colors (2),tt3,percent,0.0025000000000000577,-0.004999999999999893,0.0050000000000001155,0.0025000000000000577,6.507705122865485e-6,*D* scores
Shapes & colors (2),tt3,bca,0.0025000000000000577,-0.004999999999999893,0.0050000000000001155,0.0025000000000000577,6.507705122865485e-6,*D* scores
Shapes & colors (2),tt4,normal,0.02000000000000013,-0.007499999999999729,0.0381250000000003,0.02000000000000013,1.3546703359277403e-4,*D* scores
Shapes & colors (2),tt4,basic,0.02000000000000013,-0.007499999999999729,0.0381250000000003,0.02000000000000013,1.3546703359277403e-4,*D* scores
Shapes & colors (2),tt4,percent,0.02000000000000013,-0.007499999999999729,0.0381250000000003,0.02000000000000013,1.3546703359277403e-4,*D* scores
Shapes & colors (2),tt4,bca,0.02000000000000013,-0.007499999999999729,0.0381250000000003,0.02000000000000013,1.3546703359277403e-4,*D* scores
Shapes & colors (3),tt1,normal,0.04499999999999993,-0.003750000000000142,0.08312499999999967,0.04499999999999993,4.911537917143878e-4,*D* scores
Shapes & colors (3),tt1,basic,0.04499999999999993,-0.003750000000000142,0.08312499999999967,0.04499999999999993,4.911537917143878e-4,*D* scores
Shapes & colors (3),tt1,percent,0.04499999999999993,-0.003750000000000142,0.08312499999999967,0.04499999999999993,4.911537917143878e-4,*D* scores
Shapes & colors (3),tt1,bca,0.04499999999999993,-0.003750000000000142,0.08312499999999967,0.04499999999999993,4.911537917143878e-4,*D* scores
Shapes & colors (3),tt2,normal,0.13250000000000006,0.022499999999999964,0.23250000000000015,0.13250000000000006,0.0028698979591836784,*D* scores
Shapes & colors (3),tt2,basic,0.13250000000000006,0.022499999999999964,0.23250000000000015,0.13250000000000006,0.0028698979591836784,*D* scores
Shapes & colors (3),tt2,percent,0.13250000000000006,0.022499999999999964,0.23250000000000015,0.13250000000000006,0.0028698979591836784,*D* scores
Shapes & colors (3),tt2,bca,0.13250000000000006,0.022499999999999964,0.23250000000000015,0.13250000000000006,0.0028698979591836784,*D* scores
Shapes & colors (3),tt3,normal,0.21500000000000008,0.1418750000000002,0.30062500000000014,0.21500000000000008,0.0016400433738546427,*D* scores
Shapes & colors (3),tt3,basic,0.21500000000000008,0.1418750000000002,0.30062500000000014,0.21500000000000008,0.0016400433738546427,*D* scores
Shapes & colors (3),tt3,percent,0.21500000000000008,0.1418750000000002,0.30062500000000014,0.21500000000000008,0.0016400433738546427,*D* scores
Shapes & colors (3),tt3,bca,0.21500000000000008,0.1418750000000002,0.30062500000000014,0.21500000000000008,0.0016400433738546427,*D* scores
Shapes & colors (3),tt4,normal,0.16249999999999998,0.055624999999999925,0.27312500000000006,0.16249999999999998,0.0030785512546855514,*D* scores
Shapes & colors (3),tt4,basic,0.16249999999999998,0.055624999999999925,0.27312500000000006,0.16249999999999998,0.0030785512546855514,*D* scores
Shapes & colors (3),tt4,percent,0.16249999999999998,0.055624999999999925,0.27312500000000006,0.16249999999999998,0.0030785512546855514,*D* scores
Shapes & colors (3),tt4,bca,0.16249999999999998,0.055624999999999925,0.27312500000000006,0.16249999999999998,0.0030785512546855514,*D* scores
Shapes & colors (4),tt1,normal,0.1484375,0.0576171875,0.23923331875572038,0.1484375,0.0021465287336197843,*D* scores
Shapes & colors (4),tt1,basic,0.1484375,0.0576171875,0.23923331875572038,0.1484375,0.0021465287336197843,*D* scores
Shapes & colors (4),tt1,percent,0.1484375,0.0576171875,0.23923331875572038,0.1484375,0.0021465287336197843,*D* scores
Shapes & colors (4),tt1,bca,0.1484375,0.0576171875,0.23923331875572038,0.1484375,0.0021465287336197843,*D* scores
Shapes & colors (4),tt2,normal,0.05859375,-9.765625e-4,0.1044921875,0.05859375,7.238948111830031e-4,*D* scores
Shapes & colors (4),tt2,basic,0.05859375,-9.765625e-4,0.1044921875,0.05859375,7.238948111830031e-4,*D* scores
Shapes & colors (4),tt2,percent,0.05859375,-9.765625e-4,0.1044921875,0.05859375,7.238948111830031e-4,*D* scores
Shapes & colors (4),tt2,bca,0.05859375,-9.765625e-4,0.1044921875,0.05859375,7.238948111830031e-4,*D* scores
Shapes & colors (4),tt3,normal,0.01953125,-0.0107421875,0.0390625,0.01953125,1.614240744073209e-4,*D* scores
Shapes & colors (4),tt3,basic,0.01953125,-0.0107421875,0.0390625,0.01953125,1.614240744073209e-4,*D* scores
Shapes & colors (4),tt3,percent,0.01953125,-0.0107421875,0.0390625,0.01953125,1.614240744073209e-4,*D* scores
Shapes & colors (4),tt3,bca,0.01953125,-0.0107421875,0.0390625,0.01953125,1.614240744073209e-4,*D* scores
Shapes & colors (4),tt4,normal,0.16796875,0.04296875,0.2929442562557204,0.16796875,0.004066518750507842,*D* scores
Shapes & colors (4),tt4,basic,0.16796875,0.04296875,0.2929442562557204,0.16796875,0.004066518750507842,*D* scores
Shapes & colors (4),tt4,percent,0.16796875,0.04296875,0.2929442562557204,0.16796875,0.004066518750507842,*D* scores
Shapes & colors (4),tt4,bca,0.16796875,0.04296875,0.2929442562557204,0.16796875,0.004066518750507842,*D* scores
Shapes & colors (5),tt1,normal,0.09555785123966942,0.051652892561983355,0.1361053719008264,0.09555785123966942,4.6414392873267066e-4,*D* scores
Shapes & colors (5),tt1,basic,0.09555785123966942,0.051652892561983355,0.1361053719008264,0.09555785123966942,4.6414392873267066e-4,*D* scores
Shapes & colors (5),tt1,percent,0.09555785123966942,0.051652892561983355,0.1361053719008264,0.09555785123966942,4.6414392873267066e-4,*D* scores
Shapes & colors (5),tt1,bca,0.09555785123966942,0.051652892561983355,0.1361053719008264,0.09555785123966942,4.6414392873267066e-4,*D* scores
Shapes & colors (5),tt2,normal,0.08832644628099151,0.04197121404883003,0.1311983471074376,0.08832644628099151,5.181097247148624e-4,*D* scores
Shapes & colors (5),tt2,basic,0.08832644628099151,0.04197121404883003,0.1311983471074376,0.08832644628099151,5.181097247148624e-4,*D* scores
Shapes & colors (5),tt2,percent,0.08832644628099151,0.04197121404883003,0.1311983471074376,0.08832644628099151,5.181097247148624e-4,*D* scores
Shapes & colors (5),tt2,bca,0.08832644628099151,0.04197121404883003,0.1311983471074376,0.08832644628099151,5.181097247148624e-4,*D* scores
Shapes & colors (5),tt3,normal,0.07024793388429762,0.03164063553643387,0.10420971074380192,0.07024793388429762,3.427133665954707e-4,*D* scores
Shapes & colors (5),tt3,basic,0.07024793388429762,0.03164063553643387,0.10420971074380192,0.07024793388429762,3.427133665954707e-4,*D* scores
Shapes & colors (5),tt3,percent,0.07024793388429762,0.03164063553643387,0.10420971074380192,0.07024793388429762,3.427133665954707e-4,*D* scores
Shapes & colors (5),tt3,bca,0.07024793388429762,0.03164063553643387,0.10420971074380192,0.07024793388429762,3.427133665954707e-4,*D* scores
Shapes & colors (5),tt4,normal,0.025309917355371803,0.004390495867768407,0.04119318181818177,0.025309917355371803,8.814281114410356e-5,*D* scores
Shapes & colors (5),tt4,basic,0.025309917355371803,0.004390495867768407,0.04119318181818177,0.025309917355371803,8.814281114410356e-5,*D* scores
Shapes & colors (5),tt4,percent,0.025309917355371803,0.004390495867768407,0.04119318181818177,0.025309917355371803,8.814281114410356e-5,*D* scores
Shapes & colors (5),tt4,bca,0.025309917355371803,0.004390495867768407,0.04119318181818177,0.025309917355371803,8.814281114410356e-5,*D* scores
Shapes & colors (6),tt1,normal,0.06730769230769229,0.03494822485207073,0.09763081716030494,0.06730769230769229,2.55694722152248e-4,*D* scores
Shapes & colors (6),tt1,basic,0.06730769230769229,0.03494822485207073,0.09763081716030494,0.06730769230769229,2.55694722152248e-4,*D* scores
Shapes & colors (6),tt1,percent,0.06730769230769229,0.03494822485207073,0.09763081716030494,0.06730769230769229,2.55694722152248e-4,*D* scores
Shapes & colors (6),tt1,bca,0.06730769230769229,0.03494822485207073,0.09763081716030494,0.06730769230769229,2.55694722152248e-4,*D* scores
Shapes & colors (6),tt2,normal,0.06656804733727795,0.03365616508821559,0.09503974082948491,0.06656804733727795,2.4520664376718993e-4,*D* scores
Shapes & colors (6),tt2,basic,0.06656804733727795,0.03365616508821559,0.09503974082948491,0.06656804733727795,2.4520664376718993e-4,*D* scores
Shapes & colors (6),tt2,percent,0.06656804733727795,0.03365616508821559,0.09503974082948491,0.06656804733727795,2.4520664376718993e-4,*D* scores
Shapes & colors (6),tt2,bca,0.06656804733727795,0.03365616508821559,0.09503974082948491,0.06656804733727795,2.4520664376718993e-4,*D* scores
Shapes & colors (6),tt3,normal,0.058062130177514826,0.025887573964497035,0.08542667514847044,0.058062130177514826,2.30691936289269e-4,*D* scores
Shapes & colors (6),tt3,basic,0.058062130177514826,0.025887573964497035,0.08542667514847044,0.058062130177514826,2.30691936289269e-4,*D* scores
Shapes & colors (6),tt3,percent,0.058062130177514826,0.025887573964497035,0.08542667514847044,0.058062130177514826,2.30691936289269e-4,*D* scores
Shapes & colors (6),tt3,bca,0.058062130177514826,0.025887573964497035,0.08542667514847044,0.058062130177514826,2.30691936289269e-4,*D* scores
Shapes & colors (6),tt4,normal,0.10244082840236701,0.06213017751479322,0.1378490124265774,0.10244082840236701,3.731089884682182e-4,*D* scores
Shapes & colors (6),tt4,basic,0.10244082840236701,0.06213017751479322,0.1378490124265774,0.10244082840236701,3.731089884682182e-4,*D* scores
Shapes & colors (6),tt4,percent,0.10244082840236701,0.06213017751479322,0.1378490124265774,0.10244082840236701,3.731089884682182e-4,*D* scores
Shapes & colors (6),tt4,bca,0.10244082840236701,0.06213017751479322,0.1378490124265774,0.10244082840236701,3.731089884682182e-4,*D* scores
Shapes & colors (7),tt1,normal,0.025510204081632737,-6.377551020407823e-4,0.044634859185541415,0.025510204081632737,1.333825492263765e-4,*D* scores
Shapes & colors (7),tt1,basic,0.025510204081632737,-6.377551020407823e-4,0.044634859185541415,0.025510204081632737,1.333825492263765e-4,*D* scores
Shapes & colors (7),tt1,percent,0.025510204081632737,-6.377551020407823e-4,0.044634859185541415,0.025510204081632737,1.333825492263765e-4,*D* scores
Shapes & colors (7),tt1,bca,0.025510204081632737,-6.377551020407823e-4,0.044634859185541415,0.025510204081632737,1.333825492263765e-4,*D* scores
Shapes & colors (7),tt2,normal,0.003826530612244805,-0.0035076530612246914,0.00765306122448961,0.003826530612244805,8.106097938837158e-6,*D* scores
Shapes & colors (7),tt2,basic,0.003826530612244805,-0.0035076530612246914,0.00765306122448961,0.003826530612244805,8.106097938837158e-6,*D* scores
Shapes & colors (7),tt2,percent,0.003826530612244805,-0.0035076530612246914,0.00765306122448961,0.003826530612244805,8.106097938837158e-6,*D* scores
Shapes & colors (7),tt2,bca,0.003826530612244805,-0.0035076530612246914,0.00765306122448961,0.003826530612244805,8.106097938837158e-6,*D* scores
Shapes & colors (7),tt3,normal,0.03188775510204067,0.002869897959183465,0.054846938775509946,0.03188775510204067,1.758129927648681e-4,*D* scores
Shapes & colors (7),tt3,basic,0.03188775510204067,0.002869897959183465,0.054846938775509946,0.03188775510204067,1.758129927648681e-4,*D* scores
Shapes & colors (7),tt3,percent,0.03188775510204067,0.002869897959183465,0.054846938775509946,0.03188775510204067,1.758129927648681e-4,*D* scores
Shapes & colors (7),tt3,bca,0.03188775510204067,0.002869897959183465,0.054846938775509946,0.03188775510204067,1.758129927648681e-4,*D* scores
Shapes & colors (7),tt4,normal,0.22066326530612246,0.12213010204081631,0.3322624102059495,0.22066326530612246,0.0028735153929877193,*D* scores
Shapes & colors (7),tt4,basic,0.22066326530612246,0.12213010204081631,0.3322624102059495,0.22066326530612246,0.0028735153929877193,*D* scores
Shapes & colors (7),tt4,percent,0.22066326530612246,0.12213010204081631,0.3322624102059495,0.22066326530612246,0.0028735153929877193,*D* scores
Shapes & colors (7),tt4,bca,0.22066326530612246,0.12213010204081631,0.3322624102059495,0.22066326530612246,0.0028735153929877193,*D* scores
Stigma - ADHD,tt1,normal,0.21052289281997938,0.16987635348566665,0.2526807133199354,0.21052289281997938,4.4620483701862906e-4,*D* scores
Stigma - ADHD,tt1,basic,0.21052289281997938,0.16987635348566665,0.2526807133199354,0.21052289281997938,4.4620483701862906e-4,*D* scores
Stigma - ADHD,tt1,percent,0.21052289281997938,0.16987635348566665,0.2526807133199354,0.21052289281997938,4.4620483701862906e-4,*D* scores
Stigma - ADHD,tt1,bca,0.21052289281997938,0.16987635348566665,0.2526807133199354,0.21052289281997938,4.4620483701862906e-4,*D* scores
Stigma - ADHD,tt2,normal,0.10080645161290314,0.0696881556707949,0.13005454266436783,0.10080645161290314,2.371473265473899e-4,*D* scores
Stigma - ADHD,tt2,basic,0.10080645161290314,0.0696881556707949,0.13005454266436783,0.10080645161290314,2.371473265473899e-4,*D* scores
Stigma - ADHD,tt2,percent,0.10080645161290314,0.0696881556707949,0.13005454266436783,0.10080645161290314,2.371473265473899e-4,*D* scores
Stigma - ADHD,tt2,bca,0.10080645161290314,0.0696881556707949,0.13005454266436783,0.10080645161290314,2.371473265473899e-4,*D* scores
Stigma - ADHD,tt3,normal,0.10620447450572335,0.07713441800179568,0.13460831550487334,0.10620447450572335,2.1496569750847802e-4,*D* scores
Stigma - ADHD,tt3,basic,0.10620447450572335,0.07713441800179568,0.13460831550487334,0.10620447450572335,2.1496569750847802e-4,*D* scores
Stigma - ADHD,tt3,percent,0.10620447450572335,0.07713441800179568,0.13460831550487334,0.10620447450572335,2.1496569750847802e-4,*D* scores
Stigma - ADHD,tt3,bca,0.10620447450572335,0.07713441800179568,0.13460831550487334,0.10620447450572335,2.1496569750847802e-4,*D* scores
Stigma - ADHD,tt4,normal,0.15810353798126975,0.12431915660722478,0.19253298210369185,0.15810353798126975,3.028117183505871e-4,*D* scores
Stigma - ADHD,tt4,basic,0.15810353798126975,0.12431915660722478,0.19253298210369185,0.15810353798126975,3.028117183505871e-4,*D* scores
Stigma - ADHD,tt4,percent,0.15810353798126975,0.12431915660722478,0.19253298210369185,0.15810353798126975,3.028117183505871e-4,*D* scores
Stigma - ADHD,tt4,bca,0.15810353798126975,0.12431915660722478,0.19253298210369185,0.15810353798126975,3.028117183505871e-4,*D* scores
Stigma - PTSD,tt1,normal,0.1639231824417009,0.12300776241401484,0.20372137407495272,0.1639231824417009,4.2395662662384723e-4,*D* scores
Stigma - PTSD,tt1,basic,0.1639231824417009,0.12300776241401484,0.20372137407495272,0.1639231824417009,4.2395662662384723e-4,*D* scores
Stigma - PTSD,tt1,percent,0.1639231824417009,0.12300776241401484,0.20372137407495272,0.1639231824417009,4.2395662662384723e-4,*D* scores
Stigma - PTSD,tt1,bca,0.1639231824417009,0.12300776241401484,0.20372137407495272,0.1639231824417009,4.2395662662384723e-4,*D* scores
Stigma - PTSD,tt2,normal,0.14240397805212635,0.1080702462270818,0.17688989451315723,0.14240397805212635,3.082142850777751e-4,*D* scores
Stigma - PTSD,tt2,basic,0.14240397805212635,0.1080702462270818,0.17688989451315723,0.14240397805212635,3.082142850777751e-4,*D* scores
Stigma - PTSD,tt2,percent,0.14240397805212635,0.1080702462270818,0.17688989451315723,0.14240397805212635,3.082142850777751e-4,*D* scores
Stigma - PTSD,tt2,bca,0.14240397805212635,0.1080702462270818,0.17688989451315723,0.14240397805212635,3.082142850777751e-4,*D* scores
Stigma - PTSD,tt3,normal,0.10596707818930029,0.06316497517134209,0.14576742016498564,0.10596707818930029,4.4403138789358005e-4,*D* scores
Stigma - PTSD,tt3,basic,0.10596707818930029,0.06316497517134209,0.14576742016498564,0.10596707818930029,4.4403138789358005e-4,*D* scores
Stigma - PTSD,tt3,percent,0.10596707818930029,0.06316497517134209,0.14576742016498564,0.10596707818930029,4.4403138789358005e-4,*D* scores
Stigma - PTSD,tt3,bca,0.10596707818930029,0.06316497517134209,0.14576742016498564,0.10596707818930029,4.4403138789358005e-4,*D* scores
Stigma - PTSD,tt4,normal,0.11531207133058974,0.07210326995859634,0.15880058299039757,0.11531207133058974,4.891467153617067e-4,*D* scores
Stigma - PTSD,tt4,basic,0.11531207133058974,0.07210326995859634,0.15880058299039757,0.11531207133058974,4.891467153617067e-4,*D* scores
Stigma - PTSD,tt4,percent,0.11531207133058974,0.07210326995859634,0.15880058299039757,0.11531207133058974,4.891467153617067e-4,*D* scores
Stigma - PTSD,tt4,bca,0.11531207133058974,0.07210326995859634,0.15880058299039757,0.11531207133058974,4.891467153617067e-4,*D* scores
Stigma - Schizophrenia,tt1,normal,0.07090192043895749,0.04614626200274363,0.09327631330640075,0.07090192043895749,1.4455186223743703e-4,*D* scores
Stigma - Schizophrenia,tt1,basic,0.07090192043895749,0.04614626200274363,0.09327631330640075,0.07090192043895749,1.4455186223743703e-4,*D* scores
Stigma - Schizophrenia,tt1,percent,0.07090192043895749,0.04614626200274363,0.09327631330640075,0.07090192043895749,1.4455186223743703e-4,*D* scores
Stigma - Schizophrenia,tt1,bca,0.07090192043895749,0.04614626200274363,0.09327631330640075,0.07090192043895749,1.4455186223743703e-4,*D* scores
Stigma - Schizophrenia,tt2,normal,0.1455761316872426,0.10860715816098646,0.18194819355293737,0.1455761316872426,3.5004343713318644e-4,*D* scores
Stigma - Schizophrenia,tt2,basic,0.1455761316872426,0.10860715816098646,0.18194819355293737,0.1455761316872426,3.5004343713318644e-4,*D* scores
Stigma - Schizophrenia,tt2,percent,0.1455761316872426,0.10860715816098646,0.18194819355293737,0.1455761316872426,3.5004343713318644e-4,*D* scores
Stigma - Schizophrenia,tt2,bca,0.1455761316872426,0.10860715816098646,0.18194819355293737,0.1455761316872426,3.5004343713318644e-4,*D* scores
Stigma - Schizophrenia,tt3,normal,0.17558299039780523,0.13839645665282382,0.21439685514453533,0.17558299039780523,3.7588898967220324e-4,*D* scores
Stigma - Schizophrenia,tt3,basic,0.17558299039780523,0.13839645665282382,0.21439685514453533,0.17558299039780523,3.7588898967220324e-4,*D* scores
Stigma - Schizophrenia,tt3,percent,0.17558299039780523,0.13839645665282382,0.21439685514453533,0.17558299039780523,3.7588898967220324e-4,*D* scores
Stigma - Schizophrenia,tt3,bca,0.17558299039780523,0.13839645665282382,0.21439685514453533,0.17558299039780523,3.7588898967220324e-4,*D* scores
Stigma - Schizophrenia,tt4,normal,0.14008916323731124,0.10307571001321503,0.17691025281244754,0.14008916323731124,3.547701290069046e-4,*D* scores
Stigma - Schizophrenia,tt4,basic,0.14008916323731124,0.10307571001321503,0.17691025281244754,0.14008916323731124,3.547701290069046e-4,*D* scores
Stigma - Schizophrenia,tt4,percent,0.14008916323731124,0.10307571001321503,0.17691025281244754,0.14008916323731124,3.547701290069046e-4,*D* scores
Stigma - Schizophrenia,tt4,bca,0.14008916323731124,0.10307571001321503,0.17691025281244754,0.14008916323731124,3.547701290069046e-4,*D* scores
Valenced words,tt1,normal,0.16672753834916,0.10765386062766102,0.221921791380837,0.16672753834916,8.49721470130455e-4,*D* scores
Valenced words,tt1,basic,0.16672753834916,0.10765386062766102,0.221921791380837,0.16672753834916,8.49721470130455e-4,*D* scores
Valenced words,tt1,percent,0.16672753834916,0.10765386062766102,0.221921791380837,0.16672753834916,8.49721470130455e-4,*D* scores
Valenced words,tt1,bca,0.16672753834916,0.10765386062766102,0.221921791380837,0.16672753834916,8.49721470130455e-4,*D* scores
Valenced words,tt2,normal,0.15887509130752375,0.1014426588750913,0.21543895719530026,0.15887509130752375,8.456864347348812e-4,*D* scores
Valenced words,tt2,basic,0.15887509130752375,0.1014426588750913,0.21543895719530026,0.15887509130752375,8.456864347348812e-4,*D* scores
Valenced words,tt2,percent,0.15887509130752375,0.1014426588750913,0.21543895719530026,0.15887509130752375,8.456864347348812e-4,*D* scores
Valenced words,tt2,bca,0.15887509130752375,0.1014426588750913,0.21543895719530026,0.15887509130752375,8.456864347348812e-4,*D* scores
Valenced words,tt3,normal,0.11102994886778661,0.06720348254173392,0.15357581972322698,0.11102994886778661,4.8548655704612205e-4,*D* scores
Valenced words,tt3,basic,0.11102994886778661,0.06720348254173392,0.15357581972322698,0.11102994886778661,4.8548655704612205e-4,*D* scores
Valenced words,tt3,percent,0.11102994886778661,0.06720348254173392,0.15357581972322698,0.11102994886778661,4.8548655704612205e-4,*D* scores
Valenced words,tt3,bca,0.11102994886778661,0.06720348254173392,0.15357581972322698,0.11102994886778661,4.8548655704612205e-4,*D* scores
Valenced words,tt4,normal,0.1574141709276844,0.09843180072992519,0.2153910132951775,0.1574141709276844,8.902187502527512e-4,*D* scores
Valenced words,tt4,basic,0.1574141709276844,0.09843180072992519,0.2153910132951775,0.1574141709276844,8.902187502527512e-4,*D* scores
Valenced words,tt4,percent,0.1574141709276844,0.09843180072992519,0.2153910132951775,0.1574141709276844,8.902187502527512e-4,*D* scores
Valenced words,tt4,bca,0.1574141709276844,0.09843180072992519,0.2153910132951775,0.1574141709276844,8.902187502527512e-4,*D* scores
